SYMBOL,CLOCK,OPEN,HIGH,LOW,CLOSE,VOLUME,INTEREST,SETTLE,ADJ
R.CN.CZC.SA.0004,2019-12-09,1564.0,1591.0,1556.0,1572.0,167478.0,31568.0,1571.0,1.0
R.CN.CZC.SA.0004,2019-12-10,1572.0,1634.0,1570.0,1634.0,221672.0,68176.0,1613.0,1.0
R.CN.CZC.SA.0004,2019-12-11,1649.0,1674.0,1637.0,1649.0,459154.0,66020.0,1656.0,1.0
R.CN.CZC.SA.0004,2019-12-12,1642.0,1654.0,1625.0,1630.0,245622.0,70048.0,1642.0,1.0
R.CN.CZC.SA.0004,2019-12-13,1633.0,1639.0,1623.0,1630.0,132320.0,69386.0,1632.0,1.0
R.CN.CZC.SA.0004,2019-12-16,1634.0,1659.0,1626.0,1632.0,277650.0,77498.0,1642.0,1.0
R.CN.CZC.SA.0004,2019-12-17,1629.0,1636.0,1578.0,1623.0,223740.0,70596.0,1622.0,1.0
R.CN.CZC.SA.0004,2019-12-18,1623.0,1650.0,1622.0,1628.0,195192.0,71800.0,1636.0,1.0
R.CN.CZC.SA.0004,2019-12-19,1628.0,1641.0,1623.0,1626.0,130952.0,74830.0,1633.0,1.0
R.CN.CZC.SA.0004,2019-12-20,1626.0,1630.0,1611.0,1611.0,134436.0,84124.0,1620.0,1.0
R.CN.CZC.SA.0004,2019-12-23,1610.0,1616.0,1596.0,1601.0,113058.0,83368.0,1606.0,1.0
R.CN.CZC.SA.0004,2019-12-24,1603.0,1614.0,1600.0,1604.0,62084.0,83068.0,1607.0,1.0
R.CN.CZC.SA.0004,2019-12-25,1602.0,1610.0,1599.0,1603.0,57878.0,88032.0,1604.0,1.0
R.CN.CZC.SA.0004,2019-12-26,1602.0,1617.0,1602.0,1609.0,55730.0,85764.0,1611.0,1.0
R.CN.CZC.SA.0004,2019-12-27,1609.0,1629.0,1607.0,1608.0,102264.0,86076.0,1619.0,1.0
R.CN.CZC.SA.0004,2019-12-30,1609.0,1636.0,1608.0,1633.0,79116.0,80286.0,1623.0,1.0
R.CN.CZC.SA.0004,2019-12-31,1633.0,1643.0,1629.0,1633.0,79146.0,73396.0,1635.0,1.0
R.CN.CZC.SA.0004,2020-01-02,1633.0,1641.0,1618.0,1625.0,26179.0,34862.0,1631.0,1.0
R.CN.CZC.SA.0004,2020-01-03,1626.0,1634.0,1620.0,1629.0,23178.0,33974.0,1627.0,1.0
R.CN.CZC.SA.0004,2020-01-06,1629.0,1646.0,1628.0,1638.0,40966.0,33327.0,1637.0,1.0
R.CN.CZC.SA.0004,2020-01-07,1636.0,1640.0,1624.0,1627.0,19256.0,32570.0,1631.0,1.0
R.CN.CZC.SA.0004,2020-01-08,1626.0,1638.0,1624.0,1630.0,19972.0,32306.0,1631.0,1.0
R.CN.CZC.SA.0004,2020-01-09,1629.0,1635.0,1621.0,1632.0,27286.0,29476.0,1629.0,1.0
R.CN.CZC.SA.0004,2020-01-10,1633.0,1675.0,1633.0,1658.0,173405.0,39616.0,1661.0,1.0
R.CN.CZC.SA.0004,2020-01-13,1659.0,1661.0,1646.0,1653.0,30481.0,37522.0,1654.0,1.0
R.CN.CZC.SA.0004,2020-01-14,1657.0,1660.0,1648.0,1653.0,23832.0,36145.0,1653.0,1.0
R.CN.CZC.SA.0004,2020-01-15,1654.0,1691.0,1652.0,1665.0,129730.0,39110.0,1675.0,1.0
R.CN.CZC.SA.0004,2020-01-16,1667.0,1679.0,1665.0,1668.0,34266.0,36492.0,1671.0,1.0
R.CN.CZC.SA.0004,2020-01-17,1674.0,1684.0,1667.0,1677.0,40310.0,37576.0,1678.0,1.0
R.CN.CZC.SA.0004,2020-01-20,1678.0,1680.0,1658.0,1667.0,31571.0,33031.0,1667.0,1.0
R.CN.CZC.SA.0004,2020-01-21,1668.0,1674.0,1655.0,1655.0,17726.0,32381.0,1663.0,1.0
R.CN.CZC.SA.0004,2020-01-22,1657.0,1657.0,1631.0,1642.0,33941.0,26024.0,1641.0,1.0
R.CN.CZC.SA.0004,2020-01-23,1644.0,1651.0,1591.0,1615.0,24597.0,22223.0,1623.0,1.0
R.CN.CZC.SA.0004,2020-02-03,1517.0,1546.0,1509.0,1519.0,30443.0,18012.0,1523.0,1.0
R.CN.CZC.SA.0004,2020-02-04,1528.0,1570.0,1528.0,1561.0,19994.0,18788.0,1551.0,1.0
R.CN.CZC.SA.0004,2020-02-05,1558.0,1569.0,1551.0,1560.0,18788.0,21591.0,1559.0,1.0
R.CN.CZC.SA.0004,2020-02-06,1562.0,1577.0,1561.0,1574.0,13995.0,19533.0,1568.0,1.0
R.CN.CZC.SA.0004,2020-02-07,1574.0,1609.0,1571.0,1574.0,10599.0,19840.0,1577.0,1.0
R.CN.CZC.SA.0004,2020-02-10,1573.0,1577.0,1562.0,1568.0,6875.0,20067.0,1571.0,1.0
R.CN.CZC.SA.0004,2020-02-11,1569.0,1581.0,1564.0,1579.0,10022.0,19745.0,1574.0,1.0
R.CN.CZC.SA.0004,2020-02-12,1578.0,1588.0,1572.0,1578.0,9233.0,20825.0,1581.0,1.0
R.CN.CZC.SA.0004,2020-02-13,1579.0,1587.0,1573.0,1581.0,8057.0,21245.0,1580.0,1.0
R.CN.CZC.SA.0004,2020-02-14,1580.0,1583.0,1572.0,1578.0,5604.0,20935.0,1577.0,1.0
R.CN.CZC.SA.0004,2020-02-17,1578.0,1588.0,1577.0,1586.0,7310.0,21231.0,1582.0,1.0
R.CN.CZC.SA.0004,2020-02-18,1590.0,1595.0,1581.0,1583.0,5105.0,20735.0,1585.0,1.0
R.CN.CZC.SA.0004,2020-02-19,1583.0,1590.0,1583.0,1587.0,4483.0,20201.0,1586.0,1.0
R.CN.CZC.SA.0004,2020-02-20,1588.0,1590.0,1565.0,1586.0,12495.0,21448.0,1581.0,1.0
R.CN.CZC.SA.0004,2020-02-21,1580.0,1588.0,1570.0,1579.0,15823.0,22350.0,1578.0,1.0
R.CN.CZC.SA.0004,2020-02-24,1575.0,1590.0,1567.0,1587.0,16435.0,23054.0,1579.0,1.0
R.CN.CZC.SA.0004,2020-02-25,1585.0,1637.0,1584.0,1605.0,55706.0,26495.0,1614.0,1.0
R.CN.CZC.SA.0004,2020-02-26,1604.0,1607.0,1577.0,1581.0,25077.0,23636.0,1593.0,1.0
R.CN.CZC.SA.0004,2020-02-27,1582.0,1585.0,1567.0,1575.0,14567.0,23227.0,1575.0,1.0
R.CN.CZC.SA.0004,2020-02-28,1564.0,1574.0,1542.0,1565.0,16218.0,23638.0,1565.0,1.0
R.CN.CZC.SA.0004,2020-03-02,1564.0,1592.0,1563.0,1587.0,15366.0,24188.0,1584.0,1.0
R.CN.CZC.SA.0004,2020-03-03,1589.0,1600.0,1568.0,1571.0,17940.0,26232.0,1582.0,1.0
R.CN.CZC.SA.0004,2020-03-04,1578.0,1580.0,1569.0,1574.0,6538.0,26030.0,1574.0,1.0
R.CN.CZC.SA.0004,2020-03-05,1574.0,1575.0,1550.0,1556.0,22192.0,30653.0,1560.0,1.0
R.CN.CZC.SA.0004,2020-03-06,1555.0,1558.0,1544.0,1553.0,15316.0,30629.0,1552.0,1.0
R.CN.CZC.SA.0004,2020-03-09,1506.0,1538.0,1501.0,1527.0,28000.0,28458.0,1521.0,1.0
R.CN.CZC.SA.0004,2020-03-10,1530.0,1549.0,1529.0,1539.0,12592.0,27834.0,1538.0,1.0
R.CN.CZC.SA.0004,2020-03-11,1538.0,1600.0,1534.0,1542.0,17821.0,29006.0,1547.0,1.0
R.CN.CZC.SA.0004,2020-03-12,1542.0,1542.0,1521.0,1522.0,11058.0,28249.0,1529.0,1.0
R.CN.CZC.SA.0004,2020-03-13,1518.0,1528.0,1512.0,1518.0,12744.0,27301.0,1518.0,1.0
R.CN.CZC.SA.0004,2020-03-16,1523.0,1527.0,1505.0,1505.0,12752.0,26933.0,1517.0,1.0
R.CN.CZC.SA.0004,2020-03-17,1498.0,1504.0,1485.0,1486.0,18207.0,26308.0,1492.0,1.0
R.CN.CZC.SA.0004,2020-03-18,1483.0,1498.0,1465.0,1466.0,20790.0,24613.0,1477.0,1.0
R.CN.CZC.SA.0004,2020-03-19,1470.0,1470.0,1417.0,1441.0,30540.0,18124.0,1441.0,1.0
R.CN.CZC.SA.0004,2020-03-20,1449.0,1461.0,1438.0,1450.0,10459.0,18107.0,1450.0,1.0
R.CN.CZC.SA.0004,2020-03-23,1428.0,1437.0,1414.0,1427.0,16260.0,17809.0,1427.0,1.0
R.CN.CZC.SA.0004,2020-03-24,1436.0,1436.0,1409.0,1424.0,10593.0,17939.0,1425.0,1.0
R.CN.CZC.SA.0004,2020-03-25,1430.0,1436.0,1416.0,1419.0,8409.0,19100.0,1424.0,1.0
R.CN.CZC.SA.0004,2020-03-26,1415.0,1415.0,1390.0,1396.0,17336.0,19349.0,1399.0,1.0
R.CN.CZC.SA.0004,2020-03-27,1397.0,1398.0,1373.0,1383.0,17010.0,17179.0,1385.0,1.0
R.CN.CZC.SA.0004,2020-03-30,1378.0,1378.0,1336.0,1339.0,16340.0,15509.0,1355.0,1.0
R.CN.CZC.SA.0004,2020-03-31,1341.0,1385.0,1338.0,1365.0,17787.0,14244.0,1362.0,1.0
R.CN.CZC.SA.0004,2020-04-01,1358.0,1376.0,1358.0,1371.0,9293.0,13715.0,1369.0,1.0
R.CN.CZC.SA.0004,2020-04-02,1375.0,1395.0,1366.0,1385.0,14396.0,13511.0,1382.0,1.0
R.CN.CZC.SA.0004,2020-04-03,1390.0,1390.0,1358.0,1371.0,10470.0,12316.0,1373.0,1.0
R.CN.CZC.SA.0004,2020-04-07,1385.0,1394.0,1365.0,1372.0,17635.0,14424.0,1380.0,1.0
R.CN.CZC.SA.0004,2020-04-08,1375.0,1385.0,1366.0,1371.0,13159.0,14944.0,1377.0,1.0
R.CN.CZC.SA.0004,2020-04-09,1381.0,1387.0,1372.0,1384.0,11607.0,15957.0,1380.0,1.0
R.CN.CZC.SA.0004,2020-04-10,1380.0,1382.0,1354.0,1360.0,15982.0,14764.0,1373.0,1.0
R.CN.CZC.SA.0004,2020-04-13,1360.0,1371.0,1333.0,1335.0,21407.0,14757.0,1353.0,1.0
R.CN.CZC.SA.0004,2020-04-14,1338.0,1350.0,1322.0,1347.0,17725.0,13995.0,1334.0,1.0
R.CN.CZC.SA.0004,2020-04-15,1342.0,1388.0,1339.0,1388.0,27746.0,17123.0,1378.0,1.0
R.CN.CZC.SA.0004,2020-04-16,1410.0,1429.0,1353.0,1355.0,94765.0,16569.0,1397.0,1.0
R.CN.CZC.SA.0004,2020-04-17,1455.0,1485.0,1450.0,1472.0,36847.0,17901.0,1470.0,0.93127147766323
R.CN.CZC.SA.0004,2020-04-20,1465.0,1518.0,1465.0,1494.0,66396.0,22265.0,1495.0,0.93127147766323
R.CN.CZC.SA.0004,2020-04-21,1488.0,1496.0,1466.0,1475.0,37925.0,17617.0,1478.0,0.93127147766323
R.CN.CZC.SA.0004,2020-04-22,1470.0,1474.0,1448.0,1467.0,24142.0,16069.0,1464.0,0.93127147766323
R.CN.CZC.SA.0004,2020-04-23,1470.0,1498.0,1464.0,1481.0,37329.0,18384.0,1485.0,0.93127147766323
R.CN.CZC.SA.0004,2020-04-24,1478.0,1487.0,1467.0,1479.0,19080.0,16657.0,1478.0,0.93127147766323
R.CN.CZC.SA.0004,2020-04-27,1473.0,1491.0,1473.0,1477.0,22680.0,18012.0,1484.0,0.93127147766323
R.CN.CZC.SA.0004,2020-04-28,1473.0,1476.0,1450.0,1451.0,20400.0,16044.0,1460.0,0.93127147766323
R.CN.CZC.SA.0004,2020-04-29,1460.0,1473.0,1438.0,1443.0,21238.0,16713.0,1451.0,0.93127147766323
R.CN.CZC.SA.0004,2020-04-30,1445.0,1455.0,1435.0,1447.0,21061.0,17090.0,1444.0,0.93127147766323
R.CN.CZC.SA.0004,2020-05-06,1454.0,1468.0,1444.0,1455.0,16923.0,18331.0,1456.0,0.93127147766323
R.CN.CZC.SA.0004,2020-05-07,1459.0,1462.0,1450.0,1455.0,21916.0,21216.0,1455.0,0.93127147766323
R.CN.CZC.SA.0004,2020-05-08,1460.0,1460.0,1436.0,1439.0,31153.0,25143.0,1447.0,0.93127147766323
R.CN.CZC.SA.0004,2020-05-11,1442.0,1442.0,1398.0,1415.0,69326.0,36782.0,1420.0,0.93127147766323
R.CN.CZC.SA.0004,2020-05-12,1413.0,1430.0,1408.0,1427.0,47911.0,37320.0,1416.0,0.93127147766323
R.CN.CZC.SA.0004,2020-05-13,1427.0,1447.0,1417.0,1432.0,114667.0,41542.0,1435.0,0.93127147766323
R.CN.CZC.SA.0004,2020-05-14,1430.0,1436.0,1419.0,1426.0,45571.0,43160.0,1428.0,0.93127147766323
R.CN.CZC.SA.0004,2020-05-15,1430.0,1443.0,1426.0,1435.0,51114.0,43365.0,1435.0,0.93127147766323
R.CN.CZC.SA.0004,2020-05-18,1433.0,1456.0,1430.0,1448.0,62285.0,45394.0,1444.0,0.93127147766323
R.CN.CZC.SA.0004,2020-05-19,1452.0,1461.0,1438.0,1441.0,49213.0,46682.0,1451.0,0.93127147766323
R.CN.CZC.SA.0004,2020-05-20,1445.0,1453.0,1439.0,1450.0,34252.0,48352.0,1446.0,0.93127147766323
R.CN.CZC.SA.0004,2020-05-21,1455.0,1457.0,1445.0,1450.0,31711.0,47827.0,1451.0,0.93127147766323
R.CN.CZC.SA.0004,2020-05-22,1453.0,1453.0,1419.0,1422.0,55575.0,45729.0,1432.0,0.93127147766323
R.CN.CZC.SA.0004,2020-05-25,1423.0,1443.0,1408.0,1441.0,89474.0,53466.0,1424.0,0.93127147766323
R.CN.CZC.SA.0004,2020-05-26,1437.0,1474.0,1437.0,1464.0,168659.0,63692.0,1460.0,0.93127147766323
R.CN.CZC.SA.0004,2020-05-27,1462.0,1478.0,1442.0,1459.0,143875.0,62853.0,1462.0,0.93127147766323
R.CN.CZC.SA.0004,2020-05-28,1461.0,1469.0,1453.0,1462.0,67318.0,63681.0,1462.0,0.93127147766323
R.CN.CZC.SA.0004,2020-05-29,1463.0,1487.0,1462.0,1476.0,113378.0,63420.0,1477.0,0.93127147766323
R.CN.CZC.SA.0004,2020-06-01,1478.0,1485.0,1470.0,1476.0,73196.0,65972.0,1477.0,0.93127147766323
R.CN.CZC.SA.0004,2020-06-02,1472.0,1477.0,1456.0,1471.0,55997.0,65245.0,1467.0,0.93127147766323
R.CN.CZC.SA.0004,2020-06-03,1475.0,1486.0,1467.0,1485.0,66616.0,70443.0,1477.0,0.93127147766323
R.CN.CZC.SA.0004,2020-06-04,1486.0,1490.0,1462.0,1466.0,62867.0,66454.0,1475.0,0.93127147766323
R.CN.CZC.SA.0004,2020-06-05,1468.0,1472.0,1464.0,1470.0,38833.0,67928.0,1468.0,0.93127147766323
R.CN.CZC.SA.0004,2020-06-08,1473.0,1478.0,1461.0,1465.0,46291.0,68469.0,1468.0,0.93127147766323
R.CN.CZC.SA.0004,2020-06-09,1465.0,1466.0,1433.0,1436.0,92815.0,77795.0,1444.0,0.93127147766323
R.CN.CZC.SA.0004,2020-06-10,1436.0,1445.0,1431.0,1432.0,52148.0,76735.0,1438.0,0.93127147766323
R.CN.CZC.SA.0004,2020-06-11,1434.0,1437.0,1423.0,1431.0,56704.0,78165.0,1431.0,0.93127147766323
R.CN.CZC.SA.0004,2020-06-12,1425.0,1444.0,1422.0,1436.0,82328.0,78201.0,1437.0,0.93127147766323
R.CN.CZC.SA.0004,2020-06-15,1438.0,1455.0,1432.0,1445.0,69314.0,75135.0,1443.0,0.93127147766323
R.CN.CZC.SA.0004,2020-06-16,1443.0,1452.0,1436.0,1448.0,47576.0,72362.0,1446.0,0.93127147766323
R.CN.CZC.SA.0004,2020-06-17,1450.0,1453.0,1435.0,1439.0,37906.0,71122.0,1443.0,0.93127147766323
R.CN.CZC.SA.0004,2020-06-18,1440.0,1442.0,1429.0,1432.0,39807.0,74366.0,1434.0,0.93127147766323
R.CN.CZC.SA.0004,2020-06-19,1432.0,1440.0,1428.0,1440.0,39607.0,74033.0,1434.0,0.93127147766323
R.CN.CZC.SA.0004,2020-06-22,1441.0,1445.0,1431.0,1436.0,33064.0,75951.0,1437.0,0.93127147766323
R.CN.CZC.SA.0004,2020-06-23,1436.0,1438.0,1425.0,1427.0,43906.0,81595.0,1430.0,0.93127147766323
R.CN.CZC.SA.0004,2020-06-24,1427.0,1429.0,1396.0,1401.0,85340.0,88835.0,1413.0,0.93127147766323
R.CN.CZC.SA.0004,2020-06-29,1396.0,1407.0,1381.0,1394.0,49057.0,88970.0,1396.0,0.93127147766323
R.CN.CZC.SA.0004,2020-06-30,1399.0,1405.0,1387.0,1393.0,63634.0,104267.0,1396.0,0.93127147766323
R.CN.CZC.SA.0004,2020-07-01,1391.0,1394.0,1358.0,1368.0,136548.0,131469.0,1372.0,0.93127147766323
R.CN.CZC.SA.0004,2020-07-02,1361.0,1372.0,1358.0,1370.0,94822.0,132989.0,1365.0,0.93127147766323
R.CN.CZC.SA.0004,2020-07-03,1371.0,1380.0,1368.0,1375.0,81952.0,136119.0,1374.0,0.93127147766323
R.CN.CZC.SA.0004,2020-07-06,1375.0,1383.0,1371.0,1381.0,74235.0,133618.0,1377.0,0.93127147766323
R.CN.CZC.SA.0004,2020-07-07,1384.0,1384.0,1366.0,1369.0,76403.0,132320.0,1377.0,0.93127147766323
R.CN.CZC.SA.0004,2020-07-08,1369.0,1392.0,1363.0,1391.0,105402.0,130400.0,1384.0,0.93127147766323
R.CN.CZC.SA.0004,2020-07-09,1392.0,1398.0,1386.0,1394.0,82673.0,128600.0,1393.0,0.93127147766323
R.CN.CZC.SA.0004,2020-07-10,1398.0,1399.0,1381.0,1389.0,61809.0,125166.0,1390.0,0.93127147766323
R.CN.CZC.SA.0004,2020-07-13,1389.0,1416.0,1387.0,1397.0,132818.0,127433.0,1400.0,0.93127147766323
R.CN.CZC.SA.0004,2020-07-14,1395.0,1403.0,1373.0,1388.0,73759.0,127141.0,1390.0,0.93127147766323
R.CN.CZC.SA.0004,2020-07-15,1388.0,1395.0,1376.0,1381.0,71106.0,135329.0,1385.0,0.93127147766323
R.CN.CZC.SA.0004,2020-07-16,1381.0,1384.0,1371.0,1373.0,78860.0,139668.0,1378.0,0.93127147766323
R.CN.CZC.SA.0004,2020-07-17,1373.0,1380.0,1341.0,1356.0,139887.0,147726.0,1361.0,0.93127147766323
R.CN.CZC.SA.0004,2020-07-20,1356.0,1357.0,1306.0,1306.0,218647.0,163018.0,1321.0,0.93127147766323
R.CN.CZC.SA.0004,2020-07-21,1305.0,1317.0,1288.0,1303.0,159512.0,153568.0,1305.0,0.93127147766323
R.CN.CZC.SA.0004,2020-07-22,1306.0,1340.0,1306.0,1316.0,221633.0,160126.0,1322.0,0.93127147766323
R.CN.CZC.SA.0004,2020-07-23,1315.0,1332.0,1313.0,1324.0,133985.0,156365.0,1323.0,0.93127147766323
R.CN.CZC.SA.0004,2020-07-24,1329.0,1332.0,1315.0,1320.0,108624.0,147568.0,1323.0,0.93127147766323
R.CN.CZC.SA.0004,2020-07-27,1320.0,1336.0,1305.0,1324.0,151598.0,150622.0,1323.0,0.93127147766323
R.CN.CZC.SA.0004,2020-07-28,1325.0,1332.0,1317.0,1325.0,84488.0,146118.0,1324.0,0.93127147766323
R.CN.CZC.SA.0004,2020-07-29,1325.0,1335.0,1323.0,1327.0,89609.0,144201.0,1328.0,0.93127147766323
R.CN.CZC.SA.0004,2020-07-30,1326.0,1329.0,1311.0,1317.0,87141.0,146841.0,1319.0,0.93127147766323
R.CN.CZC.SA.0004,2020-07-31,1318.0,1338.0,1317.0,1327.0,135911.0,137879.0,1327.0,0.93127147766323
R.CN.CZC.SA.0004,2020-08-03,1330.0,1381.0,1320.0,1376.0,293414.0,128611.0,1359.0,0.93127147766323
R.CN.CZC.SA.0004,2020-08-04,1380.0,1414.0,1370.0,1414.0,245596.0,136050.0,1401.0,0.93127147766323
R.CN.CZC.SA.0004,2020-08-05,1464.0,1466.0,1376.0,1406.0,564186.0,114919.0,1418.0,0.93127147766323
R.CN.CZC.SA.0004,2020-08-06,1405.0,1437.0,1393.0,1417.0,360804.0,118091.0,1415.0,0.93127147766323
R.CN.CZC.SA.0004,2020-08-07,1417.0,1472.0,1407.0,1472.0,680537.0,122089.0,1454.0,0.93127147766323
R.CN.CZC.SA.0004,2020-08-10,1477.0,1504.0,1433.0,1440.0,543128.0,94969.0,1465.0,0.93127147766323
R.CN.CZC.SA.0004,2020-08-11,1445.0,1491.0,1428.0,1439.0,475479.0,100505.0,1463.0,0.93127147766323
R.CN.CZC.SA.0004,2020-08-12,1443.0,1443.0,1404.0,1411.0,456488.0,97038.0,1416.0,0.93127147766323
R.CN.CZC.SA.0004,2020-08-13,1416.0,1426.0,1392.0,1404.0,268310.0,93238.0,1408.0,0.93127147766323
R.CN.CZC.SA.0004,2020-08-14,1407.0,1416.0,1368.0,1374.0,267395.0,88112.0,1391.0,0.93127147766323
R.CN.CZC.SA.0004,2020-08-17,1384.0,1384.0,1339.0,1378.0,226357.0,71709.0,1360.0,0.93127147766323
R.CN.CZC.SA.0004,2020-08-18,1383.0,1397.0,1362.0,1387.0,165890.0,63900.0,1378.0,0.93127147766323
R.CN.CZC.SA.0004,2020-08-19,1557.0,1581.0,1552.0,1569.0,161968.0,78774.0,1569.0,0.830658224770997
R.CN.CZC.SA.0004,2020-08-20,1578.0,1597.0,1568.0,1592.0,319413.0,80958.0,1586.0,0.830658224770997
R.CN.CZC.SA.0004,2020-08-21,1596.0,1643.0,1593.0,1603.0,827133.0,107024.0,1619.0,0.830658224770997
R.CN.CZC.SA.0004,2020-08-24,1610.0,1652.0,1603.0,1650.0,462414.0,118041.0,1629.0,0.830658224770997
R.CN.CZC.SA.0004,2020-08-25,1657.0,1692.0,1646.0,1684.0,683336.0,155645.0,1674.0,0.830658224770997
R.CN.CZC.SA.0004,2020-08-26,1683.0,1687.0,1665.0,1675.0,482841.0,156257.0,1675.0,0.830658224770997
R.CN.CZC.SA.0004,2020-08-27,1675.0,1697.0,1656.0,1665.0,503056.0,142464.0,1672.0,0.830658224770997
R.CN.CZC.SA.0004,2020-08-28,1666.0,1694.0,1654.0,1683.0,478192.0,147295.0,1675.0,0.830658224770997
R.CN.CZC.SA.0004,2020-08-31,1687.0,1742.0,1677.0,1742.0,413361.0,162613.0,1723.0,0.830658224770997
R.CN.CZC.SA.0004,2020-09-01,1742.0,1783.0,1737.0,1758.0,1126858.0,199298.0,1765.0,0.830658224770997
R.CN.CZC.SA.0004,2020-09-02,1758.0,1797.0,1751.0,1796.0,650470.0,222932.0,1773.0,0.830658224770997
R.CN.CZC.SA.0004,2020-09-03,1796.0,1822.0,1766.0,1785.0,1156253.0,220150.0,1798.0,0.830658224770997
R.CN.CZC.SA.0004,2020-09-04,1784.0,1793.0,1717.0,1765.0,1209113.0,193678.0,1757.0,0.830658224770997
R.CN.CZC.SA.0004,2020-09-07,1768.0,1799.0,1760.0,1787.0,936643.0,204083.0,1781.0,0.830658224770997
R.CN.CZC.SA.0004,2020-09-08,1787.0,1793.0,1755.0,1762.0,628240.0,196580.0,1774.0,0.830658224770997
R.CN.CZC.SA.0004,2020-09-09,1742.0,1757.0,1716.0,1727.0,715152.0,177412.0,1736.0,0.830658224770997
R.CN.CZC.SA.0004,2020-09-10,1735.0,1763.0,1727.0,1739.0,594268.0,180506.0,1746.0,0.830658224770997
R.CN.CZC.SA.0004,2020-09-11,1743.0,1779.0,1733.0,1777.0,562991.0,209848.0,1752.0,0.830658224770997
R.CN.CZC.SA.0004,2020-09-14,1780.0,1784.0,1722.0,1729.0,711297.0,192285.0,1751.0,0.830658224770997
R.CN.CZC.SA.0004,2020-09-15,1724.0,1736.0,1663.0,1667.0,954666.0,187157.0,1685.0,0.830658224770997
R.CN.CZC.SA.0004,2020-09-16,1668.0,1686.0,1655.0,1680.0,579997.0,164974.0,1671.0,0.830658224770997
R.CN.CZC.SA.0004,2020-09-17,1685.0,1694.0,1670.0,1675.0,385235.0,163169.0,1681.0,0.830658224770997
R.CN.CZC.SA.0004,2020-09-18,1674.0,1723.0,1660.0,1709.0,691367.0,161583.0,1696.0,0.830658224770997
R.CN.CZC.SA.0004,2020-09-21,1701.0,1713.0,1672.0,1682.0,522787.0,152737.0,1689.0,0.830658224770997
R.CN.CZC.SA.0004,2020-09-22,1680.0,1736.0,1663.0,1730.0,798410.0,167676.0,1707.0,0.830658224770997
R.CN.CZC.SA.0004,2020-09-23,1734.0,1756.0,1703.0,1751.0,941224.0,172447.0,1731.0,0.830658224770997
R.CN.CZC.SA.0004,2020-09-24,1751.0,1762.0,1722.0,1742.0,819403.0,171897.0,1742.0,0.830658224770997
R.CN.CZC.SA.0004,2020-09-25,1745.0,1746.0,1714.0,1724.0,557074.0,162065.0,1726.0,0.830658224770997
R.CN.CZC.SA.0004,2020-09-28,1726.0,1754.0,1702.0,1708.0,683743.0,155879.0,1728.0,0.830658224770997
R.CN.CZC.SA.0004,2020-09-29,1708.0,1719.0,1692.0,1706.0,478342.0,132498.0,1705.0,0.830658224770997
R.CN.CZC.SA.0004,2020-09-30,1708.0,1727.0,1689.0,1717.0,428975.0,108618.0,1710.0,0.830658224770997
R.CN.CZC.SA.0004,2020-10-09,1728.0,1736.0,1662.0,1691.0,390337.0,99910.0,1684.0,0.830658224770997
R.CN.CZC.SA.0004,2020-10-12,1690.0,1733.0,1684.0,1725.0,385050.0,107079.0,1705.0,0.830658224770997
R.CN.CZC.SA.0004,2020-10-13,1727.0,1749.0,1719.0,1730.0,497586.0,113375.0,1735.0,0.830658224770997
R.CN.CZC.SA.0004,2020-10-14,1730.0,1737.0,1691.0,1707.0,416474.0,105664.0,1710.0,0.830658224770997
R.CN.CZC.SA.0004,2020-10-15,1705.0,1717.0,1671.0,1673.0,428960.0,122705.0,1694.0,0.830658224770997
R.CN.CZC.SA.0004,2020-10-16,1664.0,1689.0,1653.0,1680.0,320956.0,124059.0,1675.0,0.830658224770997
R.CN.CZC.SA.0004,2020-10-19,1682.0,1690.0,1618.0,1621.0,507078.0,150836.0,1654.0,0.830658224770997
R.CN.CZC.SA.0004,2020-10-20,1622.0,1638.0,1607.0,1637.0,438062.0,133614.0,1624.0,0.830658224770997
R.CN.CZC.SA.0004,2020-10-21,1638.0,1640.0,1624.0,1640.0,261978.0,132703.0,1631.0,0.830658224770997
R.CN.CZC.SA.0004,2020-10-22,1638.0,1652.0,1617.0,1627.0,460800.0,131714.0,1632.0,0.830658224770997
R.CN.CZC.SA.0004,2020-10-23,1627.0,1638.0,1603.0,1605.0,389766.0,144318.0,1623.0,0.830658224770997
R.CN.CZC.SA.0004,2020-10-26,1613.0,1624.0,1589.0,1616.0,442500.0,133759.0,1611.0,0.830658224770997
R.CN.CZC.SA.0004,2020-10-27,1616.0,1625.0,1603.0,1617.0,314484.0,140656.0,1614.0,0.830658224770997
R.CN.CZC.SA.0004,2020-10-28,1618.0,1623.0,1583.0,1610.0,422039.0,147640.0,1603.0,0.830658224770997
R.CN.CZC.SA.0004,2020-10-29,1600.0,1610.0,1575.0,1583.0,365211.0,163958.0,1589.0,0.830658224770997
R.CN.CZC.SA.0004,2020-10-30,1576.0,1591.0,1561.0,1568.0,385750.0,165684.0,1575.0,0.830658224770997
R.CN.CZC.SA.0004,2020-11-02,1570.0,1608.0,1564.0,1606.0,334362.0,143046.0,1587.0,0.830658224770997
R.CN.CZC.SA.0004,2020-11-03,1606.0,1607.0,1576.0,1578.0,318447.0,153795.0,1592.0,0.830658224770997
R.CN.CZC.SA.0004,2020-11-04,1582.0,1586.0,1569.0,1574.0,237688.0,160226.0,1578.0,0.830658224770997
R.CN.CZC.SA.0004,2020-11-05,1575.0,1582.0,1548.0,1553.0,263322.0,166462.0,1565.0,0.830658224770997
R.CN.CZC.SA.0004,2020-11-06,1556.0,1582.0,1550.0,1552.0,329785.0,155381.0,1565.0,0.830658224770997
R.CN.CZC.SA.0004,2020-11-09,1551.0,1558.0,1518.0,1522.0,356757.0,181560.0,1535.0,0.830658224770997
R.CN.CZC.SA.0004,2020-11-10,1531.0,1538.0,1519.0,1532.0,285072.0,182214.0,1528.0,0.830658224770997
R.CN.CZC.SA.0004,2020-11-11,1535.0,1553.0,1508.0,1522.0,475795.0,208698.0,1532.0,0.830658224770997
R.CN.CZC.SA.0004,2020-11-12,1524.0,1528.0,1512.0,1523.0,323892.0,220280.0,1520.0,0.830658224770997
R.CN.CZC.SA.0004,2020-11-13,1521.0,1546.0,1516.0,1534.0,506963.0,216606.0,1535.0,0.830658224770997
R.CN.CZC.SA.0004,2020-11-16,1537.0,1561.0,1532.0,1543.0,439664.0,228616.0,1544.0,0.830658224770997
R.CN.CZC.SA.0004,2020-11-17,1547.0,1556.0,1530.0,1543.0,356970.0,217121.0,1544.0,0.830658224770997
R.CN.CZC.SA.0004,2020-11-18,1546.0,1551.0,1513.0,1530.0,365558.0,219027.0,1530.0,0.830658224770997
R.CN.CZC.SA.0004,2020-11-19,1540.0,1554.0,1531.0,1549.0,358960.0,215545.0,1543.0,0.830658224770997
R.CN.CZC.SA.0004,2020-11-20,1548.0,1549.0,1520.0,1523.0,351418.0,244543.0,1533.0,0.830658224770997
R.CN.CZC.SA.0004,2020-11-23,1523.0,1528.0,1495.0,1515.0,449005.0,258863.0,1511.0,0.830658224770997
R.CN.CZC.SA.0004,2020-11-24,1513.0,1519.0,1487.0,1494.0,340815.0,270862.0,1502.0,0.830658224770997
R.CN.CZC.SA.0004,2020-11-25,1495.0,1504.0,1484.0,1487.0,370222.0,297370.0,1492.0,0.830658224770997
R.CN.CZC.SA.0004,2020-11-26,1488.0,1497.0,1483.0,1491.0,270277.0,298118.0,1492.0,0.830658224770997
R.CN.CZC.SA.0004,2020-11-27,1492.0,1526.0,1475.0,1520.0,618823.0,271156.0,1512.0,0.830658224770997
R.CN.CZC.SA.0004,2020-11-30,1518.0,1518.0,1477.0,1477.0,477460.0,294968.0,1497.0,0.830658224770997
R.CN.CZC.SA.0004,2020-12-01,1479.0,1484.0,1442.0,1446.0,563582.0,316523.0,1460.0,0.830658224770997
R.CN.CZC.SA.0004,2020-12-02,1450.0,1461.0,1436.0,1441.0,422758.0,310710.0,1449.0,0.830658224770997
R.CN.CZC.SA.0004,2020-12-03,1441.0,1451.0,1431.0,1445.0,338700.0,309808.0,1442.0,0.830658224770997
R.CN.CZC.SA.0004,2020-12-04,1444.0,1472.0,1436.0,1445.0,544692.0,295276.0,1451.0,0.830658224770997
R.CN.CZC.SA.0004,2020-12-07,1449.0,1458.0,1404.0,1415.0,643858.0,304528.0,1429.0,0.830658224770997
R.CN.CZC.SA.0004,2020-12-08,1417.0,1431.0,1415.0,1420.0,300658.0,301776.0,1422.0,0.830658224770997
R.CN.CZC.SA.0004,2020-12-09,1418.0,1433.0,1373.0,1375.0,653554.0,299329.0,1404.0,0.830658224770997
R.CN.CZC.SA.0004,2020-12-10,1379.0,1384.0,1333.0,1338.0,857737.0,238401.0,1349.0,0.830658224770997
R.CN.CZC.SA.0004,2020-12-11,1348.0,1368.0,1321.0,1330.0,743066.0,211001.0,1346.0,0.830658224770997
R.CN.CZC.SA.0004,2020-12-14,1333.0,1396.0,1317.0,1388.0,752160.0,183161.0,1353.0,0.830658224770997
R.CN.CZC.SA.0004,2020-12-15,1385.0,1398.0,1368.0,1385.0,445041.0,164039.0,1381.0,0.830658224770997
R.CN.CZC.SA.0004,2020-12-16,1385.0,1406.0,1369.0,1385.0,399769.0,144004.0,1385.0,0.830658224770997
R.CN.CZC.SA.0004,2020-12-17,1386.0,1431.0,1380.0,1419.0,342511.0,119987.0,1407.0,0.830658224770997
R.CN.CZC.SA.0004,2020-12-18,1592.0,1620.0,1565.0,1573.0,387972.0,130952.0,1592.0,0.741789818093169
R.CN.CZC.SA.0004,2020-12-21,1575.0,1671.0,1560.0,1666.0,676768.0,154014.0,1628.0,0.741789818093169
R.CN.CZC.SA.0004,2020-12-22,1662.0,1662.0,1598.0,1618.0,597527.0,145775.0,1628.0,0.741789818093169
R.CN.CZC.SA.0004,2020-12-23,1621.0,1648.0,1588.0,1644.0,670551.0,159107.0,1628.0,0.741789818093169
R.CN.CZC.SA.0004,2020-12-24,1648.0,1676.0,1632.0,1657.0,549553.0,153827.0,1658.0,0.741789818093169
R.CN.CZC.SA.0004,2020-12-25,1658.0,1673.0,1637.0,1650.0,376755.0,142231.0,1657.0,0.741789818093169
R.CN.CZC.SA.0004,2020-12-28,1649.0,1682.0,1613.0,1619.0,520031.0,155199.0,1651.0,0.741789818093169
R.CN.CZC.SA.0004,2020-12-29,1618.0,1637.0,1573.0,1593.0,504509.0,158982.0,1603.0,0.741789818093169
R.CN.CZC.SA.0004,2020-12-30,1593.0,1607.0,1586.0,1600.0,245679.0,161163.0,1596.0,0.741789818093169
R.CN.CZC.SA.0004,2020-12-31,1602.0,1625.0,1582.0,1611.0,346772.0,146448.0,1605.0,0.741789818093169
R.CN.CZC.SA.0004,2021-01-04,1611.0,1636.0,1588.0,1609.0,277664.0,175758.0,1606.0,0.741789818093169
R.CN.CZC.SA.0004,2021-01-05,1608.0,1627.0,1592.0,1599.0,360539.0,176301.0,1609.0,0.741789818093169
R.CN.CZC.SA.0004,2021-01-06,1604.0,1650.0,1585.0,1650.0,571014.0,210459.0,1619.0,0.741789818093169
R.CN.CZC.SA.0004,2021-01-07,1650.0,1682.0,1632.0,1637.0,617212.0,212951.0,1654.0,0.741789818093169
R.CN.CZC.SA.0004,2021-01-08,1636.0,1652.0,1603.0,1608.0,494790.0,207560.0,1630.0,0.741789818093169
R.CN.CZC.SA.0004,2021-01-11,1605.0,1608.0,1548.0,1548.0,645432.0,200965.0,1566.0,0.741789818093169
R.CN.CZC.SA.0004,2021-01-12,1544.0,1549.0,1504.0,1529.0,435317.0,168567.0,1525.0,0.741789818093169
R.CN.CZC.SA.0004,2021-01-13,1531.0,1538.0,1489.0,1503.0,405275.0,203248.0,1510.0,0.741789818093169
R.CN.CZC.SA.0004,2021-01-14,1500.0,1530.0,1499.0,1522.0,384261.0,184047.0,1516.0,0.741789818093169
R.CN.CZC.SA.0004,2021-01-15,1523.0,1553.0,1507.0,1547.0,366232.0,189980.0,1528.0,0.741789818093169
R.CN.CZC.SA.0004,2021-01-18,1547.0,1560.0,1516.0,1556.0,384912.0,179372.0,1541.0,0.741789818093169
R.CN.CZC.SA.0004,2021-01-19,1556.0,1562.0,1533.0,1547.0,255603.0,169153.0,1546.0,0.741789818093169
R.CN.CZC.SA.0004,2021-01-20,1548.0,1584.0,1543.0,1583.0,367880.0,190121.0,1565.0,0.741789818093169
R.CN.CZC.SA.0004,2021-01-21,1586.0,1586.0,1563.0,1570.0,318968.0,179100.0,1572.0,0.741789818093169
R.CN.CZC.SA.0004,2021-01-22,1570.0,1593.0,1541.0,1552.0,462432.0,186020.0,1567.0,0.741789818093169
R.CN.CZC.SA.0004,2021-01-25,1551.0,1578.0,1535.0,1578.0,350135.0,177269.0,1556.0,0.741789818093169
R.CN.CZC.SA.0004,2021-01-26,1575.0,1588.0,1567.0,1576.0,277251.0,177929.0,1577.0,0.741789818093169
R.CN.CZC.SA.0004,2021-01-27,1576.0,1593.0,1545.0,1559.0,386605.0,175753.0,1567.0,0.741789818093169
R.CN.CZC.SA.0004,2021-01-28,1556.0,1607.0,1553.0,1603.0,392145.0,194993.0,1582.0,0.741789818093169
R.CN.CZC.SA.0004,2021-01-29,1603.0,1626.0,1597.0,1618.0,349662.0,192350.0,1612.0,0.741789818093169
R.CN.CZC.SA.0004,2021-02-01,1618.0,1629.0,1593.0,1596.0,328247.0,181081.0,1610.0,0.741789818093169
R.CN.CZC.SA.0004,2021-02-02,1596.0,1628.0,1596.0,1614.0,314575.0,183088.0,1615.0,0.741789818093169
R.CN.CZC.SA.0004,2021-02-03,1613.0,1640.0,1597.0,1637.0,444357.0,225743.0,1619.0,0.741789818093169
R.CN.CZC.SA.0004,2021-02-04,1639.0,1643.0,1619.0,1633.0,370563.0,198208.0,1632.0,0.741789818093169
R.CN.CZC.SA.0004,2021-02-05,1634.0,1639.0,1616.0,1627.0,263482.0,185306.0,1628.0,0.741789818093169
R.CN.CZC.SA.0004,2021-02-08,1628.0,1653.0,1611.0,1645.0,334484.0,198042.0,1630.0,0.741789818093169
R.CN.CZC.SA.0004,2021-02-09,1645.0,1647.0,1605.0,1618.0,265757.0,160540.0,1623.0,0.741789818093169
R.CN.CZC.SA.0004,2021-02-10,1618.0,1630.0,1590.0,1598.0,211327.0,149675.0,1610.0,0.741789818093169
R.CN.CZC.SA.0004,2021-02-18,1614.0,1668.0,1611.0,1668.0,217829.0,173175.0,1643.0,0.741789818093169
R.CN.CZC.SA.0004,2021-02-19,1668.0,1674.0,1648.0,1666.0,280189.0,203728.0,1661.0,0.741789818093169
R.CN.CZC.SA.0004,2021-02-22,1665.0,1745.0,1656.0,1745.0,402630.0,236481.0,1703.0,0.741789818093169
R.CN.CZC.SA.0004,2021-02-23,1757.0,1804.0,1746.0,1763.0,593440.0,223086.0,1773.0,0.741789818093169
R.CN.CZC.SA.0004,2021-02-24,1762.0,1797.0,1756.0,1781.0,444727.0,232740.0,1778.0,0.741789818093169
R.CN.CZC.SA.0004,2021-02-25,1787.0,1867.0,1768.0,1847.0,649527.0,217560.0,1827.0,0.741789818093169
R.CN.CZC.SA.0004,2021-02-26,1847.0,1876.0,1806.0,1836.0,540893.0,203859.0,1839.0,0.741789818093169
R.CN.CZC.SA.0004,2021-03-01,1829.0,1931.0,1815.0,1908.0,811305.0,235743.0,1890.0,0.741789818093169
R.CN.CZC.SA.0004,2021-03-02,1908.0,1941.0,1855.0,1907.0,1127431.0,246654.0,1904.0,0.741789818093169
R.CN.CZC.SA.0004,2021-03-03,1916.0,1986.0,1897.0,1905.0,1194119.0,260520.0,1946.0,0.741789818093169
R.CN.CZC.SA.0004,2021-03-04,1905.0,1905.0,1848.0,1848.0,882869.0,262718.0,1869.0,0.741789818093169
R.CN.CZC.SA.0004,2021-03-05,1840.0,1864.0,1784.0,1841.0,806664.0,234993.0,1825.0,0.741789818093169
R.CN.CZC.SA.0004,2021-03-08,1860.0,1917.0,1859.0,1917.0,989258.0,339022.0,1901.0,0.741789818093169
R.CN.CZC.SA.0004,2021-03-09,1926.0,1974.0,1906.0,1942.0,976337.0,338114.0,1940.0,0.741789818093169
R.CN.CZC.SA.0004,2021-03-10,1950.0,1968.0,1914.0,1963.0,911203.0,391665.0,1939.0,0.741789818093169
R.CN.CZC.SA.0004,2021-03-11,1975.0,1983.0,1842.0,1892.0,1479792.0,343179.0,1894.0,0.741789818093169
R.CN.CZC.SA.0004,2021-03-12,1888.0,1918.0,1862.0,1879.0,959480.0,327234.0,1887.0,0.741789818093169
R.CN.CZC.SA.0004,2021-03-15,1880.0,1942.0,1864.0,1941.0,844215.0,347615.0,1896.0,0.741789818093169
R.CN.CZC.SA.0004,2021-03-16,1939.0,1959.0,1911.0,1920.0,826139.0,313262.0,1938.0,0.741789818093169
R.CN.CZC.SA.0004,2021-03-17,1920.0,1999.0,1905.0,1997.0,889991.0,383200.0,1946.0,0.741789818093169
R.CN.CZC.SA.0004,2021-03-18,2000.0,2010.0,1968.0,1996.0,815399.0,368473.0,1989.0,0.741789818093169
R.CN.CZC.SA.0004,2021-03-19,1996.0,1997.0,1933.0,1944.0,828676.0,327782.0,1971.0,0.741789818093169
R.CN.CZC.SA.0004,2021-03-22,1952.0,2002.0,1921.0,1924.0,914102.0,327349.0,1964.0,0.741789818093169
R.CN.CZC.SA.0004,2021-03-23,1924.0,1943.0,1906.0,1923.0,705414.0,305694.0,1923.0,0.741789818093169
R.CN.CZC.SA.0004,2021-03-24,1909.0,1931.0,1869.0,1920.0,717727.0,284785.0,1896.0,0.741789818093169
R.CN.CZC.SA.0004,2021-03-25,1918.0,1926.0,1878.0,1887.0,492124.0,278061.0,1898.0,0.741789818093169
R.CN.CZC.SA.0004,2021-03-26,1874.0,1913.0,1854.0,1903.0,731001.0,260038.0,1879.0,0.741789818093169
R.CN.CZC.SA.0004,2021-03-29,1910.0,1926.0,1851.0,1868.0,839041.0,266469.0,1889.0,0.741789818093169
R.CN.CZC.SA.0004,2021-03-30,1869.0,1892.0,1846.0,1883.0,569060.0,214650.0,1869.0,0.741789818093169
R.CN.CZC.SA.0004,2021-03-31,1878.0,1909.0,1865.0,1875.0,535415.0,231260.0,1886.0,0.741789818093169
R.CN.CZC.SA.0004,2021-04-01,1877.0,1926.0,1855.0,1904.0,504680.0,210133.0,1886.0,0.741789818093169
R.CN.CZC.SA.0004,2021-04-02,1910.0,1955.0,1895.0,1913.0,540750.0,215423.0,1923.0,0.741789818093169
R.CN.CZC.SA.0004,2021-04-06,1919.0,1933.0,1876.0,1884.0,309215.0,194351.0,1901.0,0.741789818093169
R.CN.CZC.SA.0004,2021-04-07,2040.0,2040.0,1969.0,1985.0,391715.0,233773.0,2004.0,0.68540069508952
R.CN.CZC.SA.0004,2021-04-08,1986.0,1989.0,1942.0,1967.0,325260.0,243553.0,1967.0,0.68540069508952
R.CN.CZC.SA.0004,2021-04-09,1967.0,1972.0,1909.0,1913.0,465412.0,275217.0,1937.0,0.68540069508952
R.CN.CZC.SA.0004,2021-04-12,1910.0,1916.0,1853.0,1891.0,788942.0,283910.0,1882.0,0.68540069508952
R.CN.CZC.SA.0004,2021-04-13,1895.0,1926.0,1873.0,1907.0,538376.0,276808.0,1898.0,0.68540069508952
R.CN.CZC.SA.0004,2021-04-14,1908.0,1936.0,1882.0,1912.0,649058.0,297720.0,1906.0,0.68540069508952
R.CN.CZC.SA.0004,2021-04-15,1917.0,1924.0,1866.0,1873.0,721073.0,318803.0,1900.0,0.68540069508952
R.CN.CZC.SA.0004,2021-04-16,1872.0,1916.0,1859.0,1904.0,842496.0,330577.0,1896.0,0.68540069508952
R.CN.CZC.SA.0004,2021-04-19,1904.0,1981.0,1896.0,1968.0,1250234.0,356635.0,1940.0,0.68540069508952
R.CN.CZC.SA.0004,2021-04-20,1968.0,1985.0,1956.0,1976.0,610274.0,348289.0,1972.0,0.68540069508952
R.CN.CZC.SA.0004,2021-04-21,1976.0,1981.0,1929.0,1935.0,823639.0,342816.0,1952.0,0.68540069508952
R.CN.CZC.SA.0004,2021-04-22,1935.0,1967.0,1909.0,1933.0,861244.0,353036.0,1942.0,0.68540069508952
R.CN.CZC.SA.0004,2021-04-23,1936.0,1948.0,1916.0,1923.0,815669.0,358292.0,1930.0,0.68540069508952
R.CN.CZC.SA.0004,2021-04-26,1919.0,1958.0,1910.0,1947.0,929358.0,347925.0,1930.0,0.68540069508952
R.CN.CZC.SA.0004,2021-04-27,1945.0,2004.0,1932.0,2001.0,827278.0,367472.0,1967.0,0.68540069508952
R.CN.CZC.SA.0004,2021-04-28,2001.0,2012.0,1987.0,2005.0,752969.0,362415.0,2001.0,0.68540069508952
R.CN.CZC.SA.0004,2021-04-29,2005.0,2058.0,2005.0,2045.0,899044.0,350018.0,2043.0,0.68540069508952
R.CN.CZC.SA.0004,2021-04-30,2053.0,2088.0,2025.0,2087.0,693832.0,333104.0,2053.0,0.68540069508952
R.CN.CZC.SA.0004,2021-05-06,2095.0,2200.0,2087.0,2190.0,582326.0,346380.0,2142.0,0.68540069508952
R.CN.CZC.SA.0004,2021-05-07,2190.0,2192.0,2143.0,2162.0,816658.0,338393.0,2172.0,0.68540069508952
R.CN.CZC.SA.0004,2021-05-10,2159.0,2227.0,2077.0,2172.0,1840154.0,339472.0,2152.0,0.68540069508952
R.CN.CZC.SA.0004,2021-05-11,2175.0,2205.0,2121.0,2152.0,1723572.0,325630.0,2164.0,0.68540069508952
R.CN.CZC.SA.0004,2021-05-12,2150.0,2278.0,2136.0,2249.0,1807272.0,339133.0,2197.0,0.68540069508952
R.CN.CZC.SA.0004,2021-05-13,2236.0,2329.0,2158.0,2211.0,2369234.0,326370.0,2245.0,0.68540069508952
R.CN.CZC.SA.0004,2021-05-14,2215.0,2296.0,2123.0,2201.0,3139810.0,348650.0,2216.0,0.68540069508952
R.CN.CZC.SA.0004,2021-05-17,2216.0,2301.0,2206.0,2238.0,1885059.0,464273.0,2250.0,0.68540069508952
R.CN.CZC.SA.0004,2021-05-18,2230.0,2250.0,2187.0,2229.0,1138003.0,426777.0,2215.0,0.68540069508952
R.CN.CZC.SA.0004,2021-05-19,2227.0,2235.0,2098.0,2131.0,1287800.0,444161.0,2157.0,0.68540069508952
R.CN.CZC.SA.0004,2021-05-20,2095.0,2115.0,2028.0,2081.0,1329617.0,436733.0,2076.0,0.68540069508952
R.CN.CZC.SA.0004,2021-05-21,2081.0,2122.0,2062.0,2087.0,968112.0,439276.0,2093.0,0.68540069508952
R.CN.CZC.SA.0004,2021-05-24,2096.0,2114.0,2036.0,2101.0,832974.0,422467.0,2075.0,0.68540069508952
R.CN.CZC.SA.0004,2021-05-25,2109.0,2154.0,2076.0,2138.0,726907.0,400946.0,2116.0,0.68540069508952
R.CN.CZC.SA.0004,2021-05-26,2125.0,2155.0,2109.0,2135.0,584115.0,392943.0,2127.0,0.68540069508952
R.CN.CZC.SA.0004,2021-05-27,2110.0,2150.0,2090.0,2129.0,717158.0,399399.0,2125.0,0.68540069508952
R.CN.CZC.SA.0004,2021-05-28,2129.0,2198.0,2119.0,2176.0,643556.0,388461.0,2168.0,0.68540069508952
R.CN.CZC.SA.0004,2021-05-31,2173.0,2211.0,2161.0,2181.0,475702.0,381466.0,2186.0,0.68540069508952
R.CN.CZC.SA.0004,2021-06-01,2181.0,2296.0,2162.0,2289.0,530815.0,399371.0,2229.0,0.68540069508952
R.CN.CZC.SA.0004,2021-06-02,2288.0,2320.0,2260.0,2288.0,539174.0,406493.0,2290.0,0.68540069508952
R.CN.CZC.SA.0004,2021-06-03,2288.0,2309.0,2234.0,2265.0,566427.0,393659.0,2276.0,0.68540069508952
R.CN.CZC.SA.0004,2021-06-04,2248.0,2276.0,2216.0,2245.0,492978.0,373963.0,2243.0,0.68540069508952
R.CN.CZC.SA.0004,2021-06-07,2258.0,2275.0,2232.0,2235.0,429075.0,359711.0,2251.0,0.68540069508952
R.CN.CZC.SA.0004,2021-06-08,2233.0,2265.0,2189.0,2244.0,556683.0,391819.0,2230.0,0.68540069508952
R.CN.CZC.SA.0004,2021-06-09,2245.0,2255.0,2197.0,2197.0,473412.0,382900.0,2223.0,0.68540069508952
R.CN.CZC.SA.0004,2021-06-10,2193.0,2195.0,2139.0,2142.0,606380.0,427243.0,2166.0,0.68540069508952
R.CN.CZC.SA.0004,2021-06-11,2142.0,2182.0,2134.0,2175.0,392675.0,383463.0,2160.0,0.68540069508952
R.CN.CZC.SA.0004,2021-06-15,2170.0,2190.0,2130.0,2168.0,261578.0,399462.0,2154.0,0.68540069508952
R.CN.CZC.SA.0004,2021-06-16,2167.0,2185.0,2146.0,2174.0,309218.0,387481.0,2166.0,0.68540069508952
R.CN.CZC.SA.0004,2021-06-17,2175.0,2225.0,2166.0,2222.0,516983.0,385558.0,2195.0,0.68540069508952
R.CN.CZC.SA.0004,2021-06-18,2215.0,2227.0,2163.0,2185.0,491790.0,370044.0,2200.0,0.68540069508952
R.CN.CZC.SA.0004,2021-06-21,2185.0,2224.0,2183.0,2189.0,325178.0,349674.0,2201.0,0.68540069508952
R.CN.CZC.SA.0004,2021-06-22,2185.0,2215.0,2155.0,2212.0,422866.0,365399.0,2184.0,0.68540069508952
R.CN.CZC.SA.0004,2021-06-23,2212.0,2218.0,2171.0,2175.0,418594.0,367717.0,2192.0,0.68540069508952
R.CN.CZC.SA.0004,2021-06-24,2176.0,2248.0,2174.0,2238.0,515278.0,359565.0,2215.0,0.68540069508952
R.CN.CZC.SA.0004,2021-06-25,2240.0,2296.0,2230.0,2283.0,404162.0,368881.0,2262.0,0.68540069508952
R.CN.CZC.SA.0004,2021-06-28,2288.0,2290.0,2222.0,2229.0,348843.0,352207.0,2244.0,0.68540069508952
R.CN.CZC.SA.0004,2021-06-29,2229.0,2238.0,2194.0,2195.0,289316.0,352343.0,2214.0,0.68540069508952
R.CN.CZC.SA.0004,2021-06-30,2195.0,2235.0,2191.0,2232.0,253547.0,349137.0,2211.0,0.68540069508952
R.CN.CZC.SA.0004,2021-07-01,2234.0,2244.0,2182.0,2187.0,345947.0,355520.0,2220.0,0.68540069508952
R.CN.CZC.SA.0004,2021-07-02,2200.0,2275.0,2194.0,2266.0,414394.0,346865.0,2227.0,0.68540069508952
R.CN.CZC.SA.0004,2021-07-05,2269.0,2283.0,2250.0,2269.0,267575.0,345969.0,2265.0,0.68540069508952
R.CN.CZC.SA.0004,2021-07-06,2269.0,2336.0,2263.0,2319.0,417403.0,364772.0,2307.0,0.68540069508952
R.CN.CZC.SA.0004,2021-07-07,2318.0,2318.0,2250.0,2268.0,402151.0,329279.0,2285.0,0.68540069508952
R.CN.CZC.SA.0004,2021-07-08,2268.0,2298.0,2260.0,2273.0,324247.0,308875.0,2277.0,0.68540069508952
R.CN.CZC.SA.0004,2021-07-09,2265.0,2278.0,2232.0,2272.0,320298.0,291971.0,2252.0,0.68540069508952
R.CN.CZC.SA.0004,2021-07-12,2280.0,2305.0,2251.0,2270.0,330681.0,299507.0,2278.0,0.68540069508952
R.CN.CZC.SA.0004,2021-07-13,2270.0,2300.0,2266.0,2297.0,271181.0,294995.0,2284.0,0.68540069508952
R.CN.CZC.SA.0004,2021-07-14,2298.0,2311.0,2272.0,2294.0,274708.0,296291.0,2292.0,0.68540069508952
R.CN.CZC.SA.0004,2021-07-15,2295.0,2317.0,2238.0,2272.0,388115.0,285478.0,2271.0,0.68540069508952
R.CN.CZC.SA.0004,2021-07-16,2279.0,2344.0,2251.0,2333.0,419519.0,313923.0,2294.0,0.68540069508952
R.CN.CZC.SA.0004,2021-07-19,2333.0,2368.0,2296.0,2311.0,397372.0,283966.0,2328.0,0.68540069508952
R.CN.CZC.SA.0004,2021-07-20,2292.0,2327.0,2282.0,2317.0,268228.0,268962.0,2307.0,0.68540069508952
R.CN.CZC.SA.0004,2021-07-21,2325.0,2396.0,2320.0,2380.0,460443.0,309250.0,2370.0,0.68540069508952
R.CN.CZC.SA.0004,2021-07-22,2384.0,2404.0,2366.0,2394.0,287634.0,301759.0,2387.0,0.68540069508952
R.CN.CZC.SA.0004,2021-07-23,2378.0,2394.0,2329.0,2339.0,319102.0,283280.0,2368.0,0.68540069508952
R.CN.CZC.SA.0004,2021-07-26,2336.0,2358.0,2312.0,2335.0,267961.0,266649.0,2338.0,0.68540069508952
R.CN.CZC.SA.0004,2021-07-27,2332.0,2364.0,2260.0,2270.0,324101.0,237372.0,2326.0,0.68540069508952
R.CN.CZC.SA.0004,2021-07-28,2270.0,2319.0,2270.0,2312.0,189692.0,221391.0,2298.0,0.68540069508952
R.CN.CZC.SA.0004,2021-07-29,2579.0,2609.0,2577.0,2600.0,167115.0,260288.0,2593.0,0.613253253501149
R.CN.CZC.SA.0004,2021-07-30,2600.0,2648.0,2587.0,2626.0,351058.0,291462.0,2617.0,0.613253253501149
R.CN.CZC.SA.0004,2021-08-02,2617.0,2627.0,2538.0,2572.0,447295.0,294281.0,2575.0,0.613253253501149
R.CN.CZC.SA.0004,2021-08-03,2576.0,2581.0,2506.0,2511.0,416993.0,314943.0,2536.0,0.613253253501149
R.CN.CZC.SA.0004,2021-08-04,2500.0,2566.0,2491.0,2564.0,360530.0,317296.0,2530.0,0.613253253501149
R.CN.CZC.SA.0004,2021-08-05,2559.0,2568.0,2505.0,2505.0,354311.0,330608.0,2541.0,0.613253253501149
R.CN.CZC.SA.0004,2021-08-06,2520.0,2634.0,2510.0,2622.0,605234.0,374892.0,2580.0,0.613253253501149
R.CN.CZC.SA.0004,2021-08-09,2630.0,2645.0,2592.0,2633.0,436924.0,374152.0,2625.0,0.613253253501149
R.CN.CZC.SA.0004,2021-08-10,2626.0,2667.0,2620.0,2656.0,365006.0,380697.0,2648.0,0.613253253501149
R.CN.CZC.SA.0004,2021-08-11,2661.0,2679.0,2641.0,2679.0,330634.0,382787.0,2658.0,0.613253253501149
R.CN.CZC.SA.0004,2021-08-12,2680.0,2729.0,2653.0,2658.0,610825.0,383212.0,2689.0,0.613253253501149
R.CN.CZC.SA.0004,2021-08-13,2657.0,2748.0,2652.0,2732.0,688376.0,435072.0,2714.0,0.613253253501149
R.CN.CZC.SA.0004,2021-08-16,2734.0,2814.0,2732.0,2757.0,823043.0,454141.0,2776.0,0.613253253501149
R.CN.CZC.SA.0004,2021-08-17,2753.0,2763.0,2718.0,2724.0,667490.0,441866.0,2742.0,0.613253253501149
R.CN.CZC.SA.0004,2021-08-18,2730.0,2756.0,2685.0,2696.0,615363.0,431590.0,2714.0,0.613253253501149
R.CN.CZC.SA.0004,2021-08-19,2696.0,2723.0,2645.0,2696.0,810698.0,420334.0,2684.0,0.613253253501149
R.CN.CZC.SA.0004,2021-08-20,2673.0,2748.0,2655.0,2742.0,747459.0,439117.0,2704.0,0.613253253501149
R.CN.CZC.SA.0004,2021-08-23,2737.0,2770.0,2703.0,2732.0,768148.0,410616.0,2739.0,0.613253253501149
R.CN.CZC.SA.0004,2021-08-24,2723.0,2769.0,2720.0,2735.0,613751.0,401660.0,2742.0,0.613253253501149
R.CN.CZC.SA.0004,2021-08-25,2725.0,2751.0,2685.0,2730.0,838552.0,403158.0,2712.0,0.613253253501149
R.CN.CZC.SA.0004,2021-08-26,2728.0,2729.0,2646.0,2647.0,882489.0,413076.0,2684.0,0.613253253501149
R.CN.CZC.SA.0004,2021-08-27,2644.0,2706.0,2630.0,2694.0,703903.0,411414.0,2672.0,0.613253253501149
R.CN.CZC.SA.0004,2021-08-30,2705.0,2728.0,2682.0,2718.0,624319.0,392608.0,2709.0,0.613253253501149
R.CN.CZC.SA.0004,2021-08-31,2720.0,2735.0,2678.0,2689.0,584120.0,392016.0,2706.0,0.613253253501149
R.CN.CZC.SA.0004,2021-09-01,2680.0,2719.0,2662.0,2704.0,629408.0,393599.0,2695.0,0.613253253501149
R.CN.CZC.SA.0004,2021-09-02,2705.0,2752.0,2676.0,2687.0,704540.0,382585.0,2706.0,0.613253253501149
R.CN.CZC.SA.0004,2021-09-03,2690.0,2739.0,2682.0,2727.0,582100.0,382916.0,2715.0,0.613253253501149
R.CN.CZC.SA.0004,2021-09-06,2731.0,2759.0,2713.0,2739.0,578127.0,381994.0,2736.0,0.613253253501149
R.CN.CZC.SA.0004,2021-09-07,2739.0,2892.0,2727.0,2865.0,981645.0,421265.0,2807.0,0.613253253501149
R.CN.CZC.SA.0004,2021-09-08,2865.0,2937.0,2853.0,2903.0,897369.0,448107.0,2897.0,0.613253253501149
R.CN.CZC.SA.0004,2021-09-09,2897.0,3018.0,2891.0,2984.0,1045360.0,442294.0,2953.0,0.613253253501149
R.CN.CZC.SA.0004,2021-09-10,2980.0,3062.0,2956.0,2964.0,1098382.0,433720.0,3017.0,0.613253253501149
R.CN.CZC.SA.0004,2021-09-13,2982.0,3030.0,2935.0,2958.0,982311.0,429077.0,2985.0,0.613253253501149
R.CN.CZC.SA.0004,2021-09-14,2960.0,2966.0,2865.0,2882.0,1084129.0,393275.0,2908.0,0.613253253501149
R.CN.CZC.SA.0004,2021-09-15,2873.0,2931.0,2816.0,2888.0,1124480.0,403098.0,2867.0,0.613253253501149
R.CN.CZC.SA.0004,2021-09-16,2888.0,3009.0,2846.0,3000.0,1295993.0,419020.0,2933.0,0.613253253501149
R.CN.CZC.SA.0004,2021-09-17,2998.0,3055.0,2856.0,2912.0,1415856.0,366713.0,2964.0,0.613253253501149
R.CN.CZC.SA.0004,2021-09-22,3015.0,3183.0,3015.0,3174.0,832210.0,389430.0,3101.0,0.613253253501149
R.CN.CZC.SA.0004,2021-09-23,3179.0,3244.0,3147.0,3216.0,1069459.0,379532.0,3196.0,0.613253253501149
R.CN.CZC.SA.0004,2021-09-24,3217.0,3224.0,3049.0,3118.0,1142899.0,358898.0,3133.0,0.613253253501149
R.CN.CZC.SA.0004,2021-09-27,3149.0,3384.0,3117.0,3384.0,972809.0,397115.0,3271.0,0.613253253501149
R.CN.CZC.SA.0004,2021-09-28,3399.0,3453.0,3312.0,3390.0,1042005.0,354632.0,3375.0,0.613253253501149
R.CN.CZC.SA.0004,2021-09-29,3389.0,3477.0,3359.0,3435.0,842535.0,361373.0,3416.0,0.613253253501149
R.CN.CZC.SA.0004,2021-09-30,3439.0,3515.0,3371.0,3512.0,672775.0,325542.0,3425.0,0.613253253501149
R.CN.CZC.SA.0004,2021-10-08,3471.0,3475.0,3232.0,3362.0,627452.0,304757.0,3328.0,0.613253253501149
R.CN.CZC.SA.0004,2021-10-11,3355.0,3544.0,3320.0,3500.0,863206.0,316384.0,3452.0,0.613253253501149
R.CN.CZC.SA.0004,2021-10-12,3490.0,3648.0,3443.0,3583.0,1116515.0,292034.0,3550.0,0.613253253501149
R.CN.CZC.SA.0004,2021-10-13,3589.0,3635.0,3309.0,3478.0,1199736.0,290003.0,3538.0,0.613253253501149
R.CN.CZC.SA.0004,2021-10-14,3479.0,3530.0,3300.0,3430.0,1155144.0,284559.0,3414.0,0.613253253501149
R.CN.CZC.SA.0004,2021-10-15,3430.0,3461.0,3325.0,3435.0,996262.0,284274.0,3390.0,0.613253253501149
R.CN.CZC.SA.0004,2021-10-18,3448.0,3580.0,3404.0,3570.0,981999.0,282135.0,3503.0,0.613253253501149
R.CN.CZC.SA.0004,2021-10-19,3570.0,3577.0,3431.0,3459.0,831173.0,264807.0,3502.0,0.613253253501149
R.CN.CZC.SA.0004,2021-10-20,3427.0,3461.0,3221.0,3221.0,1198598.0,287845.0,3301.0,0.613253253501149
R.CN.CZC.SA.0004,2021-10-21,3220.0,3363.0,3058.0,3134.0,1147791.0,281355.0,3272.0,0.613253253501149
R.CN.CZC.SA.0004,2021-10-22,3101.0,3168.0,3010.0,3010.0,367409.0,269894.0,3079.0,0.613253253501149
R.CN.CZC.SA.0004,2021-10-25,2929.0,2947.0,2740.0,2828.0,1498472.0,203035.0,2827.0,0.613253253501149
R.CN.CZC.SA.0004,2021-10-26,2835.0,2861.0,2627.0,2778.0,1238634.0,189528.0,2754.0,0.613253253501149
R.CN.CZC.SA.0004,2021-10-27,2790.0,2864.0,2707.0,2833.0,1446099.0,216009.0,2799.0,0.613253253501149
R.CN.CZC.SA.0004,2021-10-28,2856.0,2915.0,2668.0,2860.0,2105156.0,236708.0,2781.0,0.613253253501149
R.CN.CZC.SA.0004,2021-10-29,2864.0,2914.0,2734.0,2801.0,1254986.0,236154.0,2852.0,0.613253253501149
R.CN.CZC.SA.0004,2021-11-01,2768.0,2785.0,2590.0,2604.0,1365190.0,328263.0,2674.0,0.613253253501149
R.CN.CZC.SA.0004,2021-11-02,2610.0,2671.0,2435.0,2563.0,1159626.0,314486.0,2581.0,0.613253253501149
R.CN.CZC.SA.0004,2021-11-03,2565.0,2818.0,2485.0,2802.0,1478867.0,375719.0,2628.0,0.613253253501149
R.CN.CZC.SA.0004,2021-11-04,2791.0,2800.0,2605.0,2638.0,1337625.0,352229.0,2706.0,0.613253253501149
R.CN.CZC.SA.0004,2021-11-05,2653.0,2673.0,2513.0,2565.0,1045565.0,354477.0,2570.0,0.613253253501149
R.CN.CZC.SA.0004,2021-11-08,2570.0,2651.0,2476.0,2513.0,1059466.0,381167.0,2547.0,0.613253253501149
R.CN.CZC.SA.0004,2021-11-09,2507.0,2605.0,2465.0,2560.0,921769.0,351657.0,2540.0,0.613253253501149
R.CN.CZC.SA.0004,2021-11-10,2520.0,2539.0,2412.0,2512.0,937637.0,353573.0,2482.0,0.613253253501149
R.CN.CZC.SA.0004,2021-11-11,2520.0,2720.0,2487.0,2684.0,764190.0,352913.0,2600.0,0.613253253501149
R.CN.CZC.SA.0004,2021-11-12,2670.0,2685.0,2503.0,2527.0,733616.0,335160.0,2593.0,0.613253253501149
R.CN.CZC.SA.0004,2021-11-15,2503.0,2565.0,2455.0,2497.0,597287.0,352825.0,2510.0,0.613253253501149
R.CN.CZC.SA.0004,2021-11-16,2519.0,2615.0,2474.0,2544.0,578093.0,326773.0,2537.0,0.613253253501149
R.CN.CZC.SA.0004,2021-11-17,2544.0,2620.0,2506.0,2607.0,596495.0,350271.0,2565.0,0.613253253501149
R.CN.CZC.SA.0004,2021-11-18,2611.0,2650.0,2570.0,2586.0,500893.0,329525.0,2604.0,0.613253253501149
R.CN.CZC.SA.0004,2021-11-19,2580.0,2750.0,2561.0,2699.0,659495.0,356377.0,2649.0,0.613253253501149
R.CN.CZC.SA.0004,2021-11-22,2650.0,2765.0,2649.0,2684.0,425661.0,315922.0,2707.0,0.613253253501149
R.CN.CZC.SA.0004,2021-11-23,2684.0,2739.0,2647.0,2650.0,338700.0,283741.0,2689.0,0.613253253501149
R.CN.CZC.SA.0004,2021-11-24,2650.0,2703.0,2635.0,2684.0,316325.0,259059.0,2672.0,0.613253253501149
R.CN.CZC.SA.0004,2021-11-25,2685.0,2724.0,2641.0,2654.0,242629.0,263075.0,2683.0,0.613253253501149
R.CN.CZC.SA.0004,2021-11-26,2641.0,2650.0,2550.0,2551.0,256480.0,249722.0,2606.0,0.613253253501149
R.CN.CZC.SA.0004,2021-11-29,2521.0,2634.0,2509.0,2623.0,196080.0,234062.0,2583.0,0.613253253501149
R.CN.CZC.SA.0004,2021-11-30,2623.0,2676.0,2573.0,2619.0,188442.0,216715.0,2630.0,0.613253253501149
R.CN.CZC.SA.0004,2021-12-01,2621.0,2750.0,2620.0,2688.0,261171.0,208297.0,2692.0,0.613253253501149
R.CN.CZC.SA.0004,2021-12-02,2600.0,2643.0,2531.0,2538.0,862912.0,221890.0,2575.0,0.636949283389138
R.CN.CZC.SA.0004,2021-12-03,2506.0,2570.0,2467.0,2523.0,928630.0,226611.0,2520.0,0.636949283389138
R.CN.CZC.SA.0004,2021-12-06,2527.0,2571.0,2470.0,2561.0,854273.0,241433.0,2532.0,0.636949283389138
R.CN.CZC.SA.0004,2021-12-07,2561.0,2635.0,2546.0,2552.0,640514.0,305588.0,2585.0,0.636949283389138
R.CN.CZC.SA.0004,2021-12-08,2555.0,2562.0,2378.0,2378.0,865734.0,331475.0,2457.0,0.636949283389138
R.CN.CZC.SA.0004,2021-12-09,2350.0,2353.0,2229.0,2238.0,911953.0,389469.0,2277.0,0.636949283389138
R.CN.CZC.SA.0004,2021-12-10,2234.0,2265.0,2192.0,2258.0,698435.0,390385.0,2238.0,0.636949283389138
R.CN.CZC.SA.0004,2021-12-13,2258.0,2300.0,2200.0,2288.0,795330.0,390558.0,2254.0,0.636949283389138
R.CN.CZC.SA.0004,2021-12-14,2281.0,2327.0,2263.0,2304.0,628393.0,352968.0,2296.0,0.636949283389138
R.CN.CZC.SA.0004,2021-12-15,2304.0,2323.0,2215.0,2223.0,748856.0,393142.0,2279.0,0.636949283389138
R.CN.CZC.SA.0004,2021-12-16,2220.0,2342.0,2216.0,2327.0,772305.0,349188.0,2279.0,0.636949283389138
R.CN.CZC.SA.0004,2021-12-17,2331.0,2386.0,2318.0,2374.0,633096.0,357562.0,2352.0,0.636949283389138
R.CN.CZC.SA.0004,2021-12-20,2385.0,2390.0,2261.0,2285.0,763700.0,353672.0,2329.0,0.636949283389138
R.CN.CZC.SA.0004,2021-12-21,2281.0,2357.0,2273.0,2335.0,774745.0,341350.0,2316.0,0.636949283389138
R.CN.CZC.SA.0004,2021-12-22,2336.0,2365.0,2303.0,2329.0,685471.0,353803.0,2334.0,0.636949283389138
R.CN.CZC.SA.0004,2021-12-23,2329.0,2350.0,2291.0,2318.0,647754.0,359103.0,2325.0,0.636949283389138
R.CN.CZC.SA.0004,2021-12-24,2310.0,2335.0,2256.0,2293.0,821118.0,396662.0,2300.0,0.636949283389138
R.CN.CZC.SA.0004,2021-12-27,2287.0,2307.0,2242.0,2285.0,623271.0,373635.0,2277.0,0.636949283389138
R.CN.CZC.SA.0004,2021-12-28,2285.0,2324.0,2267.0,2285.0,547613.0,366401.0,2294.0,0.636949283389138
R.CN.CZC.SA.0004,2021-12-29,2293.0,2321.0,2265.0,2286.0,572056.0,386090.0,2295.0,0.636949283389138
R.CN.CZC.SA.0004,2021-12-30,2280.0,2286.0,2231.0,2244.0,635770.0,416667.0,2257.0,0.636949283389138
R.CN.CZC.SA.0004,2021-12-31,2237.0,2244.0,2175.0,2183.0,735947.0,458972.0,2216.0,0.636949283389138
R.CN.CZC.SA.0004,2022-01-04,2192.0,2230.0,2160.0,2221.0,537751.0,419323.0,2201.0,0.636949283389138
R.CN.CZC.SA.0004,2022-01-05,2221.0,2255.0,2215.0,2250.0,510491.0,392877.0,2237.0,0.636949283389138
R.CN.CZC.SA.0004,2022-01-06,2252.0,2316.0,2231.0,2312.0,621871.0,375321.0,2269.0,0.636949283389138
R.CN.CZC.SA.0004,2022-01-07,2312.0,2348.0,2305.0,2337.0,518884.0,365808.0,2323.0,0.636949283389138
R.CN.CZC.SA.0004,2022-01-10,2340.0,2415.0,2340.0,2413.0,684995.0,381333.0,2371.0,0.636949283389138
R.CN.CZC.SA.0004,2022-01-11,2413.0,2485.0,2396.0,2470.0,755232.0,423407.0,2442.0,0.636949283389138
R.CN.CZC.SA.0004,2022-01-12,2470.0,2495.0,2461.0,2486.0,544231.0,397053.0,2478.0,0.636949283389138
R.CN.CZC.SA.0004,2022-01-13,2490.0,2577.0,2452.0,2461.0,1128635.0,440698.0,2520.0,0.636949283389138
R.CN.CZC.SA.0004,2022-01-14,2462.0,2597.0,2462.0,2593.0,1018299.0,440895.0,2534.0,0.636949283389138
R.CN.CZC.SA.0004,2022-01-17,2590.0,2603.0,2521.0,2553.0,890843.0,425761.0,2553.0,0.636949283389138
R.CN.CZC.SA.0004,2022-01-18,2553.0,2567.0,2507.0,2558.0,747583.0,405968.0,2542.0,0.636949283389138
R.CN.CZC.SA.0004,2022-01-19,2569.0,2621.0,2540.0,2596.0,963395.0,451917.0,2586.0,0.636949283389138
R.CN.CZC.SA.0004,2022-01-20,2592.0,2608.0,2559.0,2574.0,681078.0,425337.0,2583.0,0.636949283389138
R.CN.CZC.SA.0004,2022-01-21,2574.0,2746.0,2574.0,2712.0,1217868.0,515217.0,2663.0,0.636949283389138
R.CN.CZC.SA.0004,2022-01-24,2717.0,2745.0,2672.0,2685.0,779701.0,429829.0,2701.0,0.636949283389138
R.CN.CZC.SA.0004,2022-01-25,2678.0,2730.0,2642.0,2700.0,935253.0,452251.0,2678.0,0.636949283389138
R.CN.CZC.SA.0004,2022-01-26,2705.0,2771.0,2686.0,2768.0,863903.0,478501.0,2733.0,0.636949283389138
R.CN.CZC.SA.0004,2022-01-27,2777.0,2853.0,2768.0,2849.0,772795.0,444911.0,2807.0,0.636949283389138
R.CN.CZC.SA.0004,2022-01-28,2860.0,2903.0,2818.0,2880.0,716992.0,385914.0,2857.0,0.636949283389138
R.CN.CZC.SA.0004,2022-02-07,2926.0,3004.0,2873.0,2968.0,488748.0,392188.0,2954.0,0.636949283389138
R.CN.CZC.SA.0004,2022-02-08,2959.0,3009.0,2938.0,2987.0,672681.0,424263.0,2976.0,0.636949283389138
R.CN.CZC.SA.0004,2022-02-09,2977.0,2983.0,2911.0,2957.0,846352.0,446759.0,2948.0,0.636949283389138
R.CN.CZC.SA.0004,2022-02-10,2953.0,3177.0,2926.0,3125.0,1222354.0,566788.0,3053.0,0.636949283389138
R.CN.CZC.SA.0004,2022-02-11,3137.0,3155.0,2958.0,2973.0,1379897.0,540516.0,3070.0,0.636949283389138
R.CN.CZC.SA.0004,2022-02-14,2991.0,2992.0,2868.0,2954.0,1638250.0,538977.0,2933.0,0.636949283389138
R.CN.CZC.SA.0004,2022-02-15,2930.0,2930.0,2778.0,2867.0,1614468.0,514267.0,2845.0,0.636949283389138
R.CN.CZC.SA.0004,2022-02-16,2866.0,2956.0,2848.0,2912.0,1135304.0,494928.0,2902.0,0.636949283389138
R.CN.CZC.SA.0004,2022-02-17,2918.0,2918.0,2754.0,2756.0,1289792.0,489390.0,2829.0,0.636949283389138
R.CN.CZC.SA.0004,2022-02-18,2735.0,2845.0,2725.0,2803.0,1029289.0,451614.0,2789.0,0.636949283389138
R.CN.CZC.SA.0004,2022-02-21,2808.0,2919.0,2782.0,2912.0,1204344.0,509685.0,2828.0,0.636949283389138
R.CN.CZC.SA.0004,2022-02-22,2900.0,2947.0,2850.0,2854.0,1212745.0,490629.0,2905.0,0.636949283389138
R.CN.CZC.SA.0004,2022-02-23,2850.0,2907.0,2824.0,2876.0,1046799.0,470864.0,2868.0,0.636949283389138
R.CN.CZC.SA.0004,2022-02-24,2870.0,2891.0,2767.0,2787.0,1215291.0,502544.0,2832.0,0.636949283389138
R.CN.CZC.SA.0004,2022-02-25,2780.0,2816.0,2605.0,2605.0,1288640.0,477566.0,2713.0,0.636949283389138
R.CN.CZC.SA.0004,2022-02-28,2605.0,2640.0,2545.0,2593.0,1230791.0,492211.0,2603.0,0.636949283389138
R.CN.CZC.SA.0004,2022-03-01,2593.0,2621.0,2522.0,2605.0,1258804.0,461135.0,2574.0,0.636949283389138
R.CN.CZC.SA.0004,2022-03-02,2618.0,2737.0,2593.0,2669.0,1308997.0,458183.0,2658.0,0.636949283389138
R.CN.CZC.SA.0004,2022-03-03,2672.0,2758.0,2637.0,2736.0,1074476.0,404458.0,2701.0,0.636949283389138
R.CN.CZC.SA.0004,2022-03-04,2730.0,2755.0,2665.0,2708.0,829941.0,375897.0,2710.0,0.636949283389138
R.CN.CZC.SA.0004,2022-03-07,2728.0,2849.0,2710.0,2749.0,878251.0,404979.0,2770.0,0.636949283389138
R.CN.CZC.SA.0004,2022-03-08,2720.0,2739.0,2548.0,2652.0,1381163.0,425175.0,2639.0,0.636949283389138
R.CN.CZC.SA.0004,2022-03-09,2634.0,2691.0,2476.0,2505.0,1170424.0,425442.0,2585.0,0.636949283389138
R.CN.CZC.SA.0004,2022-03-10,2464.0,2688.0,2451.0,2642.0,1139806.0,382640.0,2601.0,0.636949283389138
R.CN.CZC.SA.0004,2022-03-11,2645.0,2665.0,2554.0,2573.0,845151.0,362923.0,2605.0,0.636949283389138
R.CN.CZC.SA.0004,2022-03-14,2550.0,2575.0,2427.0,2450.0,879367.0,373422.0,2500.0,0.636949283389138
R.CN.CZC.SA.0004,2022-03-15,2450.0,2531.0,2435.0,2449.0,794314.0,353180.0,2475.0,0.636949283389138
R.CN.CZC.SA.0004,2022-03-16,2430.0,2508.0,2411.0,2453.0,731419.0,369113.0,2460.0,0.636949283389138
R.CN.CZC.SA.0004,2022-03-17,2459.0,2474.0,2396.0,2457.0,750730.0,358201.0,2440.0,0.636949283389138
R.CN.CZC.SA.0004,2022-03-18,2459.0,2530.0,2435.0,2526.0,610106.0,339450.0,2473.0,0.636949283389138
